<?xml version="1.0" encoding="UTF-8"?>
<project-private xmlns="http://www.netbeans.org/ns/project-private/1">
    <editor-bookmarks xmlns="http://www.netbeans.org/ns/editor-bookmarks/2" lastBookmarkId="0"/>
    <open-files xmlns="http://www.netbeans.org/ns/projectui-open-files/2">
        <group>
            <file>file:/C:/Users/akash%20chaudhary/Documents/NetBeansProjects/BankManagement_System/src/bankmanagement_system/ViewEmployee.java</file>
            <file>file:/C:/Users/akash%20chaudhary/Documents/NetBeansProjects/BankManagement_System/src/bankmanagement_system/AddEmployee.java</file>
            <file>file:/C:/Users/akash%20chaudhary/Documents/NetBeansProjects/BankManagement_System/src/bankmanagement_system/RemoveEmployee.java</file>
            <file>file:/C:/Users/akash%20chaudhary/Documents/NetBeansProjects/BankManagement_System/src/bankmanagement_system/UpdateEmployee.java</file>
            <file>file:/C:/Users/akash%20chaudhary/Documents/NetBeansProjects/BankManagement_System/src/bankmanagement_system/Splash.java</file>
            <file>file:/C:/Users/akash%20chaudhary/Documents/NetBeansProjects/BankManagement_System/src/bankmanagement_system/Login.java</file>
            <file>file:/C:/Users/akash%20chaudhary/Documents/NetBeansProjects/BankManagement_System/src/bankmanagement_system/Conn.java</file>
            <file>file:/C:/Users/akash%20chaudhary/Documents/NetBeansProjects/BankManagement_System/src/bankmanagement_system/Home.java</file>
        </group>
    </open-files>
</project-private>
